title,subject,authors,first_publish_year,publisher,languages,pages,url
Songwriting for dummies,music,"Jim Peterik, Dave Austin, Mary Ellen Bickford",2002,"Wiley & Sons, Limited, John",eng,384,https://openlibrary.org/works/OL15893603W
Fire and Ice,fantasy,Erin Hunter,2003,HarperCollinsChildren'sBooks,"rum, vie, pol",344,https://openlibrary.org/works/OL5714289W
The Planets,astronomy,"Dava Sobel, Rosa Maria Borràs Montané",2005,Books On Tape,"por, chi, eng",276,https://openlibrary.org/works/OL1883968W
Gardening basics for dummies,gardening,"Steven A. Frowine, National Gardening Association",2007,"Wiley & Sons Canada, Limited, John",eng,464,https://openlibrary.org/works/OL18703566W
The Martian,science fiction,Andy Weir,2011,DreamLitt,"bel, fre, ind",407,https://openlibrary.org/works/OL17091839W
Shatter Me Complete Collection,science fiction,Tahereh Mafi,2011,HarperCollins Publishers,eng,1968,https://openlibrary.org/works/OL21802553W
Aurora,science fiction,Kim Stanley Robinson,2015,Orbit,"spa, eng",466,https://openlibrary.org/works/OL17346803W
The Invisible Life of Addie LaRue,fantasy,V. E. Schwab,2015,Umbriel,"eng, ger, por",504,https://openlibrary.org/works/OL20796936W
Principles,business,Ray Dalio,2017,Simon and Schuster,eng,592,https://openlibrary.org/works/OL18147675W
Biology,biology,"Urry, Cain Campbell",2017,Pearson,,1512,https://openlibrary.org/works/OL20813567W
Side hustle,business,Chris Guillebeau,2017,PAN MACMILLAN U.K,eng,217,https://openlibrary.org/works/OL19724782W
Defy Me (Shatter Me),science fiction,Tahereh Mafi,2019,HarperCollins Publishers,eng,376,https://openlibrary.org/works/OL20145719W
